X,Y,OBJECTID,Event_Number,ReportedOn,Location,CSZ,Area_Command,Beat,OffenseGroup,NIBRSOffenseCode,VictimCount,Longitude,Latitude,DateDif
-115.087518,36.2167020000001,752,LLV220700058852,2022/07/15 15:30:00+00,3900 Block E CHEYENNE AVE,"Las Vegas, NV  89115",NEAC,F3,A,09C,1,-115.087518,36.2167020000001,448
-115.2401715,36.189693,883,LLV220100080186,2022/01/20 21:53:00+00,1600 Block CRISP PEAR CT,"Las Vegas, NV  89108",BAC,U1,A,09A,1,-115.2401715,36.189693,624
-115.143088391,36.1813288910001,2403,LLV230500150901,2023/05/30 15:46:24+00,1000 Block A St,"LAS VEGAS, NV  89106",DTAC,B1,A,09A,0,-115.143088391,36.1813288910001,129
-115.22501367,36.1176334,4326,LLV230800061061,2023/08/17 14:42:00+00,3925 S Jones Blvd,"LAS VEGAS, NV  89103",SVAC,P1,A,09A,3,-115.22501367,36.1176334,50
-115.176708,36.095967,6189,LLV230600133216,2023/06/29 10:18:51+00,3900 Block S LAS VEGAS BLVD,"LAS VEGAS, NV  89109",CCAC,M4,A,09A,1,-115.176708,36.095967,99
-115.1321624,36.10084068,6291,LLV221100098953,2022/11/26 17:34:12+00,1500 Block E Tropicana Ave,"LAS VEGAS, NV  89119",SCAC,N4,A,09A,0,-115.1321624,36.10084068,314
-115.17601225,36.1940665500001,6635,LLV220700065572,2022/07/17 03:56:32+00,2520 Perryville Ave,"LAS VEGAS, NV  89106",BAC,W2,A,09A,3,-115.17601225,36.1940665500001,447
-115.19406109,36.13521296,8501,LLV230100114854,2023/01/29 10:02:54+00,4000 Block Edgeford Pl,"LAS VEGAS, NV  89102",SVAC,P2,A,09A,0,-115.19406109,36.13521296,250
-115.069716,36.1913040000001,8609,LLV220800000549,2022/08/01 04:08:00+00,1700 Block MARION DR,"Las Vegas, NV  89115",NEAC,F1,A,09A,1,-115.069716,36.1913040000001,432
-115.309341,36.0743670000001,8723,LLV220800070416,2022/08/17 21:23:00+00,6200 Block WHITELION WALK ST,"LVN,  89148",SAC,R4,A,09A,1,-115.309341,36.0743670000001,415
-115.14984654,36.15897489,9215,LLV220800021323,2022/08/05 23:23:17+00,300 Block E Charleston Blvd,"LAS VEGAS, NV  89101",DTAC,C1,A,09C,1,-115.14984654,36.15897489,427
-115.1631225,36.1789380000001,9754,LLV220800033993,2022/08/09 01:54:00+00,1700 Block W BONANZA RD,"Las Vegas, NV  89106",BAC,W2,A,09A,0,-115.1631225,36.1789380000001,424
-115.2558045,36.1580760000001,12670,LLV221200110671,2022/12/28 19:44:00+00,7400 Block W CHARLESTON BLVD,"Las Vegas, NV  89117",SAC,V4,A,09A,0,-115.2558045,36.1580760000001,282
-115.06222002,36.2324377200001,13583,LLV230600009945,2023/06/03 01:14:11+00,3975 N Nellis Blvd,"LAS VEGAS, NV  89115",NEAC,F3,A,09A,1,-115.06222002,36.2324377200001,126
-115.22928247,36.1810121500001,16856,LLV221100010347,2022/11/03 15:35:17+00,900 Block Greystone Dr,"LAS VEGAS, NV  89108",BAC,U1,A,09A,0,-115.22928247,36.1810121500001,337
-115.13615438,36.18710752,20223,LLV220100002646,2022/01/01 14:49:20+00,1500 Block N Main St,"LAS VEGAS, NV  89101",DTAC,B1,A,09A,0,-115.13615438,36.18710752,643
-115.17243912,36.0235814500001,21228,LLV230300045824,2023/03/11 10:10:56+00,9145 S Las Vegas Blvd,"LAS VEGAS, NV  89123",EAC,S3,A,09A,0,-115.17243912,36.0235814500001,209
-115.09840295,36.1833908400001,21637,LLV220800024591,2022/08/06 19:00:06+00,1100 Block N Pecos Rd,"LAS VEGAS, NV  89101",NEAC,F1,A,09A,0,-115.09840295,36.1833908400001,426
-115.153398,36.1857420000001,21673,LLV230300050692,2023/03/12 13:50:59+00,1300 Block H ST,"Las Vegas, NV  89106",BAC,W4,A,09A,1,-115.153398,36.1857420000001,208
-115.24149686,36.1843171900001,21760,LLV221100074614,2022/11/20 14:28:26+00,1200 Block Nugget Creek Dr,"LAS VEGAS, NV  89108",BAC,U1,A,09C,0,-115.24149686,36.1843171900001,320
-115.11299775,36.1739381400001,22789,LLV220400019989,2022/04/05 14:27:15+00,2730 E Bonanza Rd,"LAS VEGAS, NV  89101",DTAC,B3,A,09A,1,-115.11299775,36.1739381400001,549
-115.156988912,36.179110984,26569,LLV220900053165,2022/09/13 18:43:59+00,800 Block Reed Pl,"Las Vegas, NV  89106",BAC,W4,A,09A,0,-115.156988912,36.179110984,388
-115.2210195,36.1966590000001,27490,LLV220400115650,2022/04/27 21:32:00+00,5800 Block W LAKE MEAD BLVD,"Las Vegas, NV  89108",NWAC,X2,A,09A,1,-115.2210195,36.1966590000001,527
-115.070355,36.230058,27732,LLV220400121930,2022/04/29 08:08:00+00,3900 Block N LAS VEGAS BLVD,"Las Vegas, NV  89115",NEAC,F3,A,09A,1,-115.070355,36.230058,525
-115.162821,36.1441800000001,28168,LLV230700031213,2023/07/07 17:04:26+00,300 Block W SAHARA AVE,"LAS VEGAS, NV  89102",DTAC,C2,A,09A,1,-115.162821,36.1441800000001,91
-115.138937151,36.171742647,28193,LLV230900092445,2023/09/27 01:00:33+00,300 Block N LAS VEGAS BLVD,"LAS VEGAS, NV  89101",DTAC,A4,A,09A,0,-115.138937151,36.171742647,10
-115.15098026,36.1531649200001,28458,LLV230900106874,2023/09/30 23:36:44+00,1500 Block S Las Vegas Blvd,"LAS VEGAS, NV  89104",DTAC,C3,A,09A,1,-115.15098026,36.1531649200001,6
-115.16553832,36.15893463,28881,LLV220600087501,2022/06/23 01:50:06+00,1800 Block W Charleston Blvd,"LAS VEGAS, NV  89106",BAC,U3,A,09A,0,-115.16553832,36.15893463,471
-115.15654424,36.1973961300001,29234,LLV221100098450,2022/11/26 15:24:34+00,1100 Block Hassell Ave,"LAS VEGAS, NV  89106",BAC,W3,A,09A,1,-115.15654424,36.1973961300001,314
-115.19875341,36.12621219,31054,LLV220900012252,2022/09/03 19:42:04+00,4300 Block Spring Mountain Rd,"LAS VEGAS, NV  89103",SVAC,P2,A,09A,0,-115.19875341,36.12621219,398
-115.10507395,36.11498177,34147,LLV220100002085,2022/01/01 11:26:58+00,3211 E Flamingo Rd,"LAS VEGAS, NV  89121",SCAC,L3,A,09A,1,-115.10507395,36.11498177,643
-115.3040227,36.11950647,34989,LLV220400044210,2022/04/11 06:05:21+00,9700 Block Newport Coast Cir,"LAS VEGAS, NV  89147",SAC,R2,A,09C,1,-115.3040227,36.11950647,544
-115.233921,36.050508,35203,LLV220300103498,2022/03/25 14:10:50+00,6400 Block BRIGHT NIMBUS AVE,"LAS VEGAS,  89139",EAC,O2,A,09A,1,-115.233921,36.050508,560
-115.08002706,36.1265050700001,35854,LLV221200007392,2022/12/02 19:19:12+00,4350 Boulder Hwy,"LAS VEGAS, NV  89121",SEAC,H2,A,09A,0,-115.08002706,36.1265050700001,308
-115.1262045,36.001071,35986,LLV221200058329,2022/12/15 10:04:00+00,3100 Block ST ROSE PKWY,"LAS VEGAS, NV  89183",EAC,S4,A,09A,0,-115.1262045,36.001071,295
-115.158924,36.1790370000001,36271,LLV230400115735,2023/04/25 23:26:09+00,M St & W McWilliams Ave,"Las Vegas, NV  89106",BAC,W4,A,09A,0,-115.158924,36.1790370000001,164
-115.16544547,36.1267193300001,36312,LLV221000021737,2022/10/06 11:42:43+00,3100 Block S Las Vegas Blvd,"LAS VEGAS, NV  89109",CCAC,M2,A,09A,0,-115.16544547,36.1267193300001,365
-115.16544547,36.1267193300001,36313,LLV221000021737,2022/10/06 11:42:43+00,3100 Block S Las Vegas Blvd,"LAS VEGAS, NV  89109",CCAC,M2,A,09A,0,-115.16544547,36.1267193300001,365
-114.663582,35.0684190000001,40421,LLV220600117037,2022/06/30 13:41:51+00,Aha Macav Pkwy & Needles Hwy,"Laughlin, NV  89028",RO,81,A,09A,0,-114.663582,35.0684190000001,463
-115.3280655,36.293841,40780,LLV220300029511,2022/03/07 21:58:00+00,10600 Block JAMESTOWN SQUARE AVE,"Las Vegas, NV  89166",NWAC,X5,A,09A,1,-115.3280655,36.293841,578
-115.130979,36.1742760000001,41011,LLV221100075886,2022/11/20 21:59:59+00,1100 Block E BONANZA RD,"Las Vegas, NV  89101",DTAC,B1,A,09A,1,-115.130979,36.1742760000001,320
-115.1670368,36.1771396500001,41734,LLV221200120910,2022/12/31 00:25:59+00,1700 Block W Bonanza Rd,"LAS VEGAS, NV  89106",BAC,W2,A,09A,1,-115.1670368,36.1771396500001,280
-115.096257,36.1785600000001,42658,LLV221200102161,2022/12/26 17:50:39+00,800 Block MANTIS WAY,"LAS VEGAS, NV  89101",NEAC,G1,A,09A,0,-115.096257,36.1785600000001,284
-115.209522,36.212949,42678,LLV230800021521,2023/08/06 17:01:45+00,2900 Block N RANCHO DR,"LAS VEGAS, NV  89108",NWAC,X2,A,09A,0,-115.209522,36.212949,61
-115.13609531,36.1671377100001,44554,LLV220300049380,2022/03/12 14:35:35+00,901 Fremont St,"LAS VEGAS, NV  89101",DTAC,A3,A,09A,1,-115.13609531,36.1671377100001,573
-115.133805,36.1639117280001,45171,LLV220500030253,2022/05/08 11:21:00+00,200 Block S Maryland Pkwy,"Las Vegas, NV  89101",DTAC,A5,A,09A,1,-115.133805,36.1639117280001,516
-115.063947,36.239652,45195,LLV230300008947,2023/03/03 04:42:00+00,5000 Block E CRAIG RD,"Las Vegas, NV  89115",NEAC,F4,A,09C,1,-115.063947,36.239652,218
-115.237422,36.1618110000001,45220,LLV230400138468,2023/04/30 18:39:00+00,6500 Block BANNOCK WAY,"Las Vegas, NV  89107",BAC,U2,A,09A,1,-115.237422,36.1618110000001,159
-115.064424131,36.11296973,46443,LLV230100061231,2023/01/15 20:51:30+00,S Nellis Blvd / Boulder Hwy,"LAS VEGAS, NV  89121",SEAC,J4,A,09A,0,-115.064424131,36.11296973,264
-115.0426125,36.163782,47007,LLV230400000451,2023/04/01 02:20:51+00,Tamara Costa Ct & Sunrise Mountain Dr,"LV, NV  89110",NEAC,G3,A,09A,1,-115.0426125,36.163782,189
-115.08050215,36.17963209,47309,LLV230100025139,2023/01/06 23:58:34+00,800 Block N Lamb Blvd,"LAS VEGAS, NV  89110",NEAC,G1,A,09A,1,-115.08050215,36.17963209,273
-115.242218751,36.17979101,48385,LLV221000062816,2022/10/16 22:59:00+00,700 Block N Rainbow Blvd,"Las Vegas, NV  89107",BAC,U1,A,09A,0,-115.242218751,36.17979101,355
-115.07088563,36.1965801700001,49654,LLV220400125510,2022/04/29 23:34:08+00,2034 Marion Dr,"LAS VEGAS, NV  89115",NEAC,F3,A,09A,1,-115.07088563,36.1965801700001,525
-115.093656,36.2037330000001,50735,LLV220200002688,2022/02/01 15:27:00+00,2400 Block SANDY LN,"Las Vegas, NV  89115",NEAC,F3,A,09A,0,-115.093656,36.2037330000001,612
-115.09444615,36.18597169,51410,LLV220300057365,2022/03/14 14:08:17+00,1400 Block Newport St,"LAS VEGAS, NV  89110",NEAC,F1,A,09A,1,-115.09444615,36.18597169,571
-115.23709348,36.15920219,51658,LLV230900002485,2023/09/01 17:23:21+00,6500 W Charleston Blvd,"LAS VEGAS, NV  89107",BAC,U2,A,09A,1,-115.23709348,36.15920219,35
-115.098327,36.2298510000001,52948,LLV220700051779,2022/07/13 19:44:59+00,3800 Block VIA LUCIA DR,"Las Vegas, NV  89115",NEAC,F4,A,09A,1,-115.098327,36.2298510000001,450
-115.0221015,36.1954170000001,54699,LLV221000066910,2022/10/18 01:59:00+00,6900 Block E LAKE MEAD BLVD,"Las Vegas, NV  89156",NEAC,F2,A,09C,1,-115.0221015,36.1954170000001,354
-115.2515925,36.2768310000001,55070,LLV230800048529,2023/08/14 06:35:00+00,N TENAYA WAY & W CENTENNIAL PKWY,"LAS VEGAS, NV  89131",NWAC,X4,A,09A,0,-115.2515925,36.2768310000001,53
-115.1582625,36.05211,55151,LLV221200102998,2022/12/26 22:54:00+00,7500 Block PLACID ST,"Las Vegas, NV  89123",EAC,S1,A,09A,1,-115.1582625,36.05211,284
-115.129237096,36.170485463,55518,LLV220700088103,2022/07/22 19:35:09+00,300 Block N 13th St,"LAS VEGAS, NV  89101",DTAC,B2,A,09A,1,-115.129237096,36.170485463,441
-115.1165385,36.1583190000001,56427,LLV230100082609,2023/01/21 05:35:33+00,2400 Block FREMONT ST,"Las Vegas, NV  89104",DTAC,C5,A,09C,1,-115.1165385,36.1583190000001,259
-115.03166625,36.08387836,56782,LLV230100087918,2023/01/22 16:45:48+00,6400 Block Boulder Hwy,"LAS VEGAS, NV  89122",SEAC,J4,A,09A,1,-115.03166625,36.08387836,257
-115.13566364,36.167869416,58137,LLV220900017019,2022/09/04 22:01:00+00,100 Block N 9th St,"Las Vegas, NV  89101",DTAC,A4,A,09A,0,-115.13566364,36.167869416,397
-115.16304457,36.1519414800001,60106,LLV220700006805,2022/07/02 16:03:32+00,1600 Block W Oakey Blvd,"LAS VEGAS, NV  89102",DTAC,C2,A,09C,1,-115.16304457,36.1519414800001,461
-115.0987455,36.1509120000001,60817,LLV230200057717,2023/02/14 19:53:00+00,2000 Block PALM ST,"Las Vegas, NV  89104",DTAC,B5,A,09C,0,-115.0987455,36.1509120000001,234
-115.1865315,35.9947080000001,60971,LLV230400105658,2023/04/23 20:57:00+00,3400 Block BELLA LANTE AVE,"Las Vegas, NV  89141",EAC,O5,A,09A,1,-115.1865315,35.9947080000001,166
-115.134246,36.116811,61151,LLV221000046316,2022/10/12 13:32:35+00,3900 Block ALGONQUIN DR,"Las Vegas, NV  89119",SCAC,L2,A,09A,0,-115.134246,36.116811,359
-115.20495,36.159345,62978,LLV221200046416,2022/12/12 13:28:48+00,4700 Block W CHARLESTON BLVD,"LAS VEGAS, NV  89107",BAC,U3,A,09A,0,-115.20495,36.159345,298
-115.17284221,36.08976325,64791,LLV221000011932,2022/10/03 23:57:50+00,4200 Block S Las Vegas Blvd,"LAS VEGAS, NV  89119",CCAC,M4,A,09A,0,-115.17284221,36.08976325,368
-115.07091215,36.11933738,66240,LLV220500023809,2022/05/06 17:30:15+00,4700 Block Boulder Hwy,"LAS VEGAS, NV  89121",SEAC,H2,A,09A,0,-115.07091215,36.11933738,518
-115.1784225,36.0237960000001,66577,LLV220900035231,2022/09/09 08:10:00+00,2700 Block W AGATE AVE,"Las Vegas, NV  89123",EAC,S3,A,09B,1,-115.1784225,36.0237960000001,392
-115.178517,36.1792980000001,67173,LLV221000011759,2022/10/03 22:59:03+00,800 Block N RANCHO DR,"Las Vegas, NV  89106",BAC,W1,A,09A,1,-115.178517,36.1792980000001,368
-115.14159626,36.12525055,67207,LLV220600062380,2022/06/16 19:11:30+00,3500 Block Cambridge St,"LAS VEGAS, NV  89169",SCAC,N2,A,09A,2,-115.14159626,36.12525055,477
-115.2118485,36.1486170000001,69540,LLV230400003596,2023/04/01 20:26:38+00,5100 Block OBANNON DR,"Las Vegas, NV  89146",BAC,U2,A,09A,0,-115.2118485,36.1486170000001,188
-115.10473982,36.1485349500001,70266,LLV230900034079,2023/09/10 12:23:51+00,3200 Block Fremont St,"CLARK COUNTY, NV  89104",DTAC,C5,A,09A,1,-115.10473982,36.1485349500001,26
-115.1102925,36.0248130000001,70917,LLV220300093403,2022/03/23 04:31:59+00,2900 Block SEASONS AVE,"Las Vegas, NV  89074",EAC,S3,A,09C,1,-115.1102925,36.0248130000001,563
-115.195023,36.1269,71936,LLV230100000521,2023/01/01 01:34:00+00,4100 Block SPRING MOUNTAIN RD,"Las Vegas, NV  89102",SVAC,P2,A,09A,0,-115.195023,36.1269,279
-115.214148,36.051516,72153,LLV230700111700,2023/07/26 14:27:00+00,5300 Block RAILROAD RIVER AVE,"Las Vegas, NV  89139",EAC,O1,A,09A,0,-115.214148,36.051516,72
-115.3254825,36.2048580000001,73050,LLV221100085061,2022/11/23 03:29:00+00,W Lake Mead Blvd & Hallston St,"LV, NV  89129",SAC,V2,A,09A,0,-115.3254825,36.2048580000001,318
-115.01721147,36.20714868,75136,LLV221000066803,2022/10/18 00:55:00+00,2600 Block N LOS FELIZ ST,"LAS VEGAS, NV  89156",NEAC,F2,A,09A,1,-115.01721147,36.20714868,354
-115.13443087,36.13062008,76367,LLV221200008507,2022/12/03 01:04:00+00,1300 Block Sombrero Dr,"LAS VEGAS, NV  89169",SCAC,L1,A,09A,0,-115.13443087,36.13062008,308
-115.17819329,36.02118118,77576,LLV230800012873,2023/08/04 08:08:41+00,2720 W Serene Ave,"LAS VEGAS, NV  89123",EAC,S3,A,09C,1,-115.17819329,36.02118118,63
-115.14704641,36.1215796600001,78333,LLV230200107883,2023/02/26 22:11:24+00,764 E Twain Ave,"LAS VEGAS, NV  89169",SCAC,N2,A,09A,1,-115.14704641,36.1215796600001,222
-115.133184,36.1340280000001,80911,LLV220800042100,2022/08/10 23:57:00+00,1400 Block VEGAS VALLEY DR,"Las Vegas, NV  89169",SCAC,L1,A,09A,1,-115.133184,36.1340280000001,422
-115.117695,36.1524150000001,80993,LLV221100103703,2022/11/27 22:36:00+00,1500 Block ARDMORE ST,"Las Vegas, NV  89104",DTAC,C5,A,09A,1,-115.117695,36.1524150000001,313
-115.15462068,36.18011849,81397,LLV220100066256,2022/01/17 13:50:00+00,900 Block Morgan Ave,"LAS VEGAS, NV  89106",BAC,W4,A,09A,1,-115.15462068,36.18011849,627
-115.143741,36.163845,81912,LLV220900122976,2022/09/30 20:09:57+00,500 Block S LAS VEGAS BLVD,"Las Vegas, NV  89101",DTAC,A3,A,09A,0,-115.143741,36.163845,371
-115.15743977,36.19764695,83741,LLV221100102423,2022/11/27 14:29:26+00,1200 Block Hassell Ave,"LAS VEGAS, NV  89106",BAC,W3,A,09A,1,-115.15743977,36.19764695,313
-115.18973412,36.10501642,84052,LLV220200052763,2022/02/13 12:12:25+00,4600 Block S Valley View Blvd,"LAS VEGAS, NV  89103",CCAC,M5,A,09A,1,-115.18973412,36.10501642,600
-115.149945144,36.1437678550001,85117,LLV230600104828,2023/06/23 00:16:11+00,500 Block E Sahara Ave,"Las Vegas, NV  89109",SCAC,N1,A,09A,1,-115.149945144,36.1437678550001,106
-115.125507,36.157356,85844,LLV220500009242,2022/05/03 09:35:06+00,1700 Block E CHARLESTON BLVD,"LAS VEGAS, NV  89104",DTAC,C4,A,09A,0,-115.125507,36.157356,521
-115.2741195,36.15795,85927,LLV230900075524,2023/09/22 02:48:59+00,8300 Block W CHARLESTON BLVD,"Las Vegas, NV  89117",SAC,V4,A,09C,1,-115.2741195,36.15795,15
-115.064147586,36.1075939080001,86149,LLV220800014281,2022/08/04 09:15:33+00,S Nellis Blvd & E Harmon Ave,"LAS VEGAS, NV  89122",SEAC,J4,A,09A,0,-115.064147586,36.1075939080001,428
-115.0639245,36.1002330000001,87786,LLV221000007151,2022/10/02 19:47:59+00,E Tropicana Ave & S Nellis Blvd,"Las Vegas, NV  89122",SEAC,J4,A,09C,1,-115.0639245,36.1002330000001,369
-115.073565538,36.2363577840001,88412,LLV230900103431,2023/09/29 20:52:02+00,14005411038,"LAS VEGAS, NV  89115",NEAC,F4,A,09A,1,-115.073565538,36.2363577840001,7
-115.08953395,36.1955623000001,89879,LLV220500028533,2022/05/07 20:34:02+00,3800 Block E Lake Mead Blvd,"LAS VEGAS, NV  89115",NEAC,F1,A,09A,1,-115.08953395,36.1955623000001,517
-115.1401545,36.1796400000001,90593,LLV220200114147,2022/02/28 00:43:08+00,800 Block N 1ST ST,"Las Vegas, NV  89101",DTAC,B1,A,09A,1,-115.1401545,36.1796400000001,586
-115.09588528,36.2097995600001,91331,LLV230100005066,2023/01/02 05:49:38+00,3500 Block San Francisco Ave,"LAS VEGAS, NV  89115",NEAC,F3,A,09A,1,-115.09588528,36.2097995600001,278
-115.21273261,36.1008433000001,91520,LLV230200039653,2023/02/10 12:33:51+00,5200 Block W Tropicana Ave,"LAS VEGAS, NV  89103",SVAC,P4,A,09A,0,-115.21273261,36.1008433000001,238
-115.12923548,36.16510921,91629,LLV230100031593,2023/01/08 17:35:00+00,200 Block N 17th St,"Las Vegas, NV  89101",DTAC,A5,A,09A,1,-115.12923548,36.16510921,271
-115.1658405,36.1819350000001,93464,LLV230400119328,2023/04/26 18:42:00+00,1100 Block COMSTOCK DR,"Las Vegas, NV  89106",BAC,W2,A,09C,1,-115.1658405,36.1819350000001,163
-115.27972269,36.13798589,94155,LLV230200022766,2023/02/06 14:49:42+00,8600 Starboard Dr,"LAS VEGAS, NV  89117",SAC,R1,A,09A,1,-115.27972269,36.13798589,242
-115.1155845,36.102267,94403,LLV230100033078,2023/01/09 02:34:00+00,4700 Block TOPAZ ST,"Las Vegas, NV  89121",SCAC,L3,A,09A,1,-115.1155845,36.102267,271
-115.099281,36.1605870000001,94959,LLV221200032570,2022/12/08 22:44:00+00,0 Block N PECOS RD,"Las Vegas, NV  89101",DTAC,B4,A,09A,0,-115.099281,36.1605870000001,302
-115.120566208,36.1605154490001,95454,LLV220100089606,2022/01/23 04:20:23+00,2100 Block Fremont St,"LAS VEGAS, NV  89101",DTAC,B4,A,09A,3,-115.120566208,36.1605154490001,622
-115.225057515,36.1145866480001,96462,LLV220400071878,2022/04/17 16:17:03+00,W Flamingo Rd / S Jones Blvd,"LAS VEGAS, NV  89103",SVAC,P1,A,09C,1,-115.225057515,36.1145866480001,537
-115.2059625,36.172197,96557,LLV230600140525,2023/06/30 23:19:00+00,Churchill Ave & S Decatur Blvd,"Las Vegas, NV  89107",BAC,U3,A,09A,0,-115.2059625,36.172197,98
-115.145559,36.141957,97942,LLV220700068625,2022/07/18 03:17:00+00,700 Block E SAHARA AVE,"Las Vegas, NV  89109",SCAC,N1,A,09B,1,-115.145559,36.141957,446
-115.05295293,36.1830993,98457,LLV221000077588,2022/10/20 17:52:24+00,1200 Block N Christy Ln,"LAS VEGAS, NV  89110",NEAC,F2,A,09A,1,-115.05295293,36.1830993,351
-115.138143,36.0961110000001,99705,LLV221000065602,2022/10/17 17:38:46+00,5100 Block GOLDEN LN,"LAS VEGAS, NV  89119",SCAC,N4,A,09A,1,-115.138143,36.0961110000001,354
-115.0776405,36.1048680000001,99975,LLV220900091701,2022/09/23 07:23:00+00,4400 Block DENNIS WAY,"Las Vegas, NV  89121",SEAC,H3,A,09A,1,-115.0776405,36.1048680000001,378
-115.1227395,36.1553040000001,100596,LLV230100033101,2023/01/09 02:47:00+00,1900 Block FRANKLIN AVE,"Las Vegas, NV  89104",DTAC,C4,A,09A,1,-115.1227395,36.1553040000001,271
-115.1497215,36.1198620000001,102453,LLV221200003554,2022/12/01 19:53:00+00,3800 Block ROYAL CREST ST,"Las Vegas, NV  89169",SCAC,N2,A,09A,2,-115.1497215,36.1198620000001,309
-115.12053469,36.05063369,104853,LLV220300091262,2022/03/22 15:34:34+00,7600 Block Constellation St,"LAS VEGAS, NV  89123",EAC,S2,A,09A,1,-115.12053469,36.05063369,563
-115.14691726,36.16747802,104944,LLV221000068847,2022/10/18 14:32:46+00,"300 Block S Casino Ctr Blvd, Cell Nt-2a05","LAS VEGAS, NV  89101",DF,D9,A,09A,0,-115.14691726,36.16747802,353
-115.080541485,36.225133423,105256,LLV220700101546,2022/07/26 13:12:59+00,3600 Block N Las Vegas Blvd,"LV, NV  89115",NEAC,F4,A,09A,0,-115.080541485,36.225133423,437
-115.28688974,36.05686833,105854,LLV220900037182,2022/09/09 17:57:36+00,7200 Block Forefather St,"LAS VEGAS, NV  89148",SAC,R4,A,09C,1,-115.28688974,36.05686833,392
-115.21237788,36.2268707600001,106860,LLV220200005845,2022/02/02 10:21:46+00,5100 Block Cutty Way,"LAS VEGAS, NV  89130",NWAC,X2,A,09A,1,-115.21237788,36.2268707600001,611
-115.1614845,36.117711,108143,LLV230100007404,2023/01/02 19:20:00+00,3900 Block KOVAL LN,"Las Vegas, NV  89169",CCAC,M2,A,09A,0,-115.1614845,36.117711,277
-115.21999719,36.0926293700001,108151,LLV220900088480,2022/09/22 12:43:47+00,5700 Block Chisolm Trl,"LAS VEGAS, NV  89118",SVAC,P4,A,09A,1,-115.21999719,36.0926293700001,379
-115.20643882,36.14032173,108316,LLV230900005998,2023/09/02 16:06:13+00,2900 Block Black Forest Dr,"LAS VEGAS, NV  89102",SVAC,P2,A,09A,0,-115.20643882,36.14032173,34
-115.16761422,36.143921834,108614,LLV230700054892,2023/07/13 00:17:54+00,Western Ave & W Sahara Ave,"LAS VEGAS, NV  89102",CCAC,M1,A,09A,2,-115.16761422,36.143921834,86
-115.052391,36.186651,110159,LLV220500054442,2022/05/14 00:00:00+00,1400 Block N CHRISTY LN,"Las Vegas, NV  89115",NEAC,F2,A,09A,3,-115.052391,36.186651,511
-115.09575184,36.18125587,110163,LLV221000110414,2022/10/28 23:25:52+00,3600 Block Valley Forge Ave,"LAS VEGAS, NV  89110",NEAC,F1,A,09A,1,-115.09575184,36.18125587,343
-115.12920346,36.14095853,111343,LLV220600106630,2022/06/27 21:31:17+00,1750 Karen Ave,"LAS VEGAS, NV  89169",SCAC,L1,A,09C,1,-115.12920346,36.14095853,466
-115.140627,36.1212120000001,111395,LLV220400101075,2022/04/24 14:35:59+00,1000 Block E TWAIN AVE,"LV, NV  89169",SCAC,N2,A,09A,2,-115.140627,36.1212120000001,530
-115.26600627,36.28737026,111734,LLV230500139778,2023/05/28 09:30:50+00,7800 Block Odysseus Ave,"LAS VEGAS, NV  89131",NWAC,X4,A,09A,0,-115.26600627,36.28737026,131
-115.194294,36.1963710000001,111770,LLV220500077292,2022/05/19 16:39:00+00,2000 Block RANCHO LAKE DR,"Las Vegas, NV  89108",NWAC,X2,A,09C,1,-115.194294,36.1963710000001,505
-115.122024,36.1698660000001,111823,LLV230200071126,2023/02/17 23:10:32+00,1900 Block CEDAR AVE,"Las Vegas, NV  89101",DTAC,B2,A,09A,2,-115.122024,36.1698660000001,231
-115.17247061,36.1012032,111978,LLV230500140590,2023/05/28 13:33:05+00,3799 S Las Vegas Blvd Fl 7,"LAS VEGAS, NV  89109",CCAC,M3,A,09A,0,-115.17247061,36.1012032,131
-115.109683923,36.1589714180001,112578,LLV230600083025,2023/06/18 12:31:57+00,2900 E Charleston Blvd,"LAS VEGAS, NV  89101",DTAC,B4,A,09A,0,-115.109683923,36.1589714180001,110
-115.0693785,36.1009980000001,114692,LLV230400004651,2023/04/02 01:31:15+00,4800 Block E TROPICANA AVE,"LAS VEGAS, NV  89121",SEAC,H3,A,09A,1,-115.0693785,36.1009980000001,188
-115.215836191,36.0809388230001,114858,LLV230800049975,2023/08/14 15:17:05+00,16336601013,"LAS VEGAS, NV  89118",SVAC,P4,A,09A,0,-115.215836191,36.0809388230001,53
-115.133186174,36.2578501900001,115365,LLV230400002494,2023/04/01 15:59:00+00,600 Block E Hammer Ln,"Las Vegas, NV  89081",NEAC,F4,A,09A,1,-115.133186174,36.2578501900001,188
-115.22587305,36.1145653400001,115811,LLV220500044833,2022/05/11 18:09:08+00,6100 Block W Flamingo Rd,"LAS VEGAS, NV  89103",SVAC,P1,A,09A,0,-115.22587305,36.1145653400001,513
-115.048476,36.158868,116632,LLV221000101562,2022/10/26 18:11:17+00,5700 Block E CHARLESTON BLVD,"LAS VEGAS, NV  89142",SEAC,J1,A,09A,0,-115.048476,36.158868,345
-115.2355095,36.2441880000001,116924,LLV220900086801,2022/09/22 02:18:22+00,4600 Block N RANCHO DR,"LAS VEGAS, NV  89130",NWAC,X2,A,09A,0,-115.2355095,36.2441880000001,380
-115.16319866,36.1141533900001,117707,LLV230300110694,2023/03/25 21:17:23+00,211 E Flamingo Rd,"LAS VEGAS, NV  89169",CCAC,M3,A,09A,1,-115.16319866,36.1141533900001,195
-115.228755,36.1099080000001,117785,LLV221000066537,2022/10/17 23:05:00+00,6200 Block CRAIGMONT AVE,"Las Vegas, NV  89103",SVAC,P3,A,09A,0,-115.228755,36.1099080000001,354
-116,37.0000000000001,118898,LLV220300064272,2022/03/15 08:00:00+00,300 Block S Casino Center Dr,"LV, NV  89101",DF,D9,A,09A,0,-116,37.0000000000001,570
-115.17468243,36.1173841400001,119222,LLV230500072180,2023/05/15 11:35:47+00,3570 S Las Vegas Blvd,"LAS VEGAS, NV  89109",CCAC,M2,A,09A,1,-115.17468243,36.1173841400001,144
-115.0837515,36.130725,119373,LLV230700004843,2023/07/01 23:55:00+00,4100 Block BOULDER HWY,"Las Vegas, NV  89121",SEAC,H1,A,09A,3,-115.0837515,36.130725,97
-115.15480959,36.1212425890001,119532,LLV230200106940,2023/02/26 16:52:47+00,3500 Block Paradise Rd,"LAS VEGAS, NV  89169",SCAC,N2,A,09A,0,-115.15480959,36.1212425890001,222
-115.14119814,36.1440302500001,121314,LLV220200106924,2022/02/26 03:15:01+00,900 Block E Sahara Ave,"LAS VEGAS, NV  89109",SCAC,N1,A,09A,15,-115.14119814,36.1440302500001,588
-115.14026082,36.12701186,122412,LLV220600011944,2022/06/03 21:34:58+00,1000 Block Sierra Vista Dr,"LAS VEGAS, NV  89169",SCAC,N2,A,09A,2,-115.14026082,36.12701186,490
-115.1309745,36.1773180000001,123061,LLV221100087808,2022/11/23 18:36:00+00,700 Block N 11TH ST,"Las Vegas, NV  89101",DTAC,B1,A,09A,0,-115.1309745,36.1773180000001,317
-115.06758326,36.16578815,124349,LLV221100099706,2022/11/26 20:53:00+00,4800 Block Ballantine Dr,"LAS VEGAS, NV  89110",NEAC,G2,A,09A,1,-115.06758326,36.16578815,314
-115.07311416,36.0831907800001,125552,LLV221200009020,2022/12/03 05:32:24+00,Mountain Vista St / Carol Cir,"LAS VEGAS, NV  89120",SEAC,H4,A,09A,0,-115.07311416,36.0831907800001,308
-115.193466,36.1181520000001,127083,LLV230300004401,2023/03/02 02:02:00+00,4000 Block W VIKING RD,"Las Vegas, NV  89103",SVAC,P2,A,09A,1,-115.193466,36.1181520000001,219
-115.1400105,36.1577790000001,129919,LLV221100105573,2022/11/28 12:12:39+00,1000 Block YUCCA AVE,"LAs Vegas, NV  89104",DTAC,C3,A,09A,1,-115.1400105,36.1577790000001,312
-115.13310787,36.1093950000001,130005,LLV220900057128,2022/09/14 18:09:20+00,1400 Block E University Ave,"LAS VEGAS, NV  89119",SCAC,N3,A,09A,0,-115.13310787,36.1093950000001,387
-115.1384895,36.0031050000001,130377,LLV220300019323,2022/03/05 12:09:28+00,10200 Block S MARYLAND PKWY,"Las Vegas, NV  89183",EAC,S4,A,09A,0,-115.1384895,36.0031050000001,580
-115.22529985,36.1994107200001,130631,LLV230500066378,2023/05/14 06:25:30+00,6100 Block Caprino Ave,"LAS VEGAS, NV  89108",NWAC,X2,A,09A,0,-115.22529985,36.1994107200001,145
-115.014681,36.1964970000001,132549,LLV230200040386,2023/02/10 16:02:00+00,2000 Block N LOS FELIZ ST,"Las Vegas, NV  89156",NEAC,F2,A,09A,1,-115.014681,36.1964970000001,238
-115.23619905,36.2306368500001,132897,LLV230900006670,2023/09/02 19:36:00+00,6400 Block Plumcrest Rd,"LAS VEGAS, NV  89108",NWAC,X2,A,09A,1,-115.23619905,36.2306368500001,34
-115.0649325,36.112329,133279,LLV230200012961,2023/02/04 01:27:09+00,4200 Block S NELLIS BLVD,"LAS VEGAS, NV  89122",SEAC,H3,A,09A,1,-115.0649325,36.112329,245
-115.14441694,36.1714099600001,134075,LLV220600072227,2022/06/19 02:12:54+00,100 Block Fremont St,"LAS VEGAS, NV  89101",DTAC,A2,A,09A,2,-115.14441694,36.1714099600001,475
-115.1352,36.109404,135929,LLV220200059874,2022/02/15 07:05:11+00,E University Ave & Escondido St,"Las Vegas, NV  89119",SCAC,N3,A,09A,0,-115.1352,36.109404,598
-115.3009485,36.073476,137800,LLV230700068286,2023/07/15 23:29:41+00,9400 Block W POST RD,"LAS VEGAS, NV  89148",SAC,R4,A,09A,1,-115.3009485,36.073476,83
-115.24907795,36.18759333,138030,LLV220900010486,2022/09/03 10:33:31+00,7200 Block Bronze Cir,"Las Vegas, NV  89128",SAC,V5,A,09A,0,-115.24907795,36.18759333,398
-115.06221464,36.23723276,138434,LLV220200086038,2022/02/21 09:57:15+00,4255 N Nellis Blvd,"LAS VEGAS, NV  89115",NEAC,F4,A,09A,1,-115.06221464,36.23723276,592
-115.13689562,36.10457984,140311,LLV220400059727,2022/04/14 18:38:36+00,4600 Block S Maryland Pkwy,"LAS VEGAS, NV  89119",SCAC,N3,A,09A,0,-115.13689562,36.10457984,540
-114.6255705,35.1537544500001,140409,LLV220100112503,2022/01/28 19:48:26+00,2400 Block Needles Hwy,"LAUGHLIN, NV  89029",RO,81,A,09A,3,-114.6255705,35.1537544500001,616
-115.08976832,36.2239754400001,140735,LLV220700097486,2022/07/25 09:05:37+00,3500 Block Full Sail Dr,"LAS VEGAS, NV  89115",NEAC,F4,A,09A,0,-115.08976832,36.2239754400001,438
-115.2481185,36.2238390000001,140774,LLV220600049152,2022/06/13 15:51:00+00,7000 Block W GOWAN RD,"Las Vegas, NV  89129",NWAC,X1,A,09A,1,-115.2481185,36.2238390000001,480
-115.13750378,36.14035976,141622,LLV221000075939,2022/10/20 09:33:54+00,2700 Block S Maryland Pkwy,"LAS VEGAS, NV  89109",SCAC,N1,A,09A,0,-115.13750378,36.14035976,351
-115.25050466,36.1036950500001,142578,LLV221200122727,2022/12/31 12:20:46+00,7100 Block Topeka Dr,"LAS VEGAS, NV  89147",SVAC,P3,A,09B,1,-115.25050466,36.1036950500001,279
-115.17397137,36.0992123400001,143424,LLV230600049908,2023/06/11 12:37:13+00,3850 S Las Vegas Blvd,"LAS VEGAS, NV  89119",CCAC,M4,A,09A,1,-115.17397137,36.0992123400001,117
-115.19933604,36.10818985,145012,LLV230200079780,2023/02/20 02:40:49+00,4500 Block Block Of South Arville,"LAS VEGAS, NV  89103",SVAC,P4,A,09A,1,-115.19933604,36.10818985,229
-115.152912,36.1225890000001,146224,LLV220400029216,2022/04/07 16:31:00+00,3600 Block PARADISE RD,"LV, NV  89169",SCAC,N2,A,09A,0,-115.152912,36.1225890000001,547
-115.20596007,36.15915125,146253,LLV220400118890,2022/04/28 15:56:05+00,4800 Block W Charleston Blvd,"LAS VEGAS, NV  89107",BAC,U2,A,09A,1,-115.20596007,36.15915125,526
-115.06304267,36.15149732,146417,LLV220700008793,2022/07/03 00:40:00+00,5100 Block E Wyoming Ave,"LAS VEGAS, NV  89142",SEAC,J1,A,09A,1,-115.06304267,36.15149732,461
-115.144772455,36.1147330420001,146720,LLV221000048653,2022/10/13 01:09:55+00,800 Block E Flamingo Rd,"Las Vegas, NV  89119",SCAC,N2,A,09A,2,-115.144772455,36.1147330420001,359
-115.0594155,36.100332,148306,LLV220500012374,2022/05/04 02:15:28+00,E Tropicana Ave & Morris St,"LAS VEGAS, NV  89122",SEAC,J4,A,09A,1,-115.0594155,36.100332,521
-115.1869905,36.193968,149737,LLV220700116575,2022/07/29 22:13:28+00,1900 Block CINDYSUE ST,"Las Vegas, NV  89106",BAC,W2,A,09A,2,-115.1869905,36.193968,434
-115.1869905,36.193968,149740,LLV220700116575,2022/07/29 22:13:28+00,1900 Block CINDYSUE ST,"Las Vegas, NV  89106",BAC,W2,A,09A,2,-115.1869905,36.193968,434
-115.136068957,36.167184391,150526,LLV221000097216,2022/10/25 17:13:03+00,900 Block Fremont St,"Las Vegas, NV  89101",DTAC,A3,A,09A,1,-115.136068957,36.167184391,346
-115.081645707,36.195676189,150681,LLV221200086041,2022/12/22 09:23:00+00,4200 Block E Lake Mead Blvd,"LAS VEGAS, NV  89115",NEAC,F3,A,09A,0,-115.081645707,36.195676189,288
-115.15586823,35.98468016,151175,LLV230800036911,2023/08/10 19:57:26+00,375 E Starr Ave,"LAS VEGAS, NV  89183",EAC,S4,A,09A,0,-115.15586823,35.98468016,57
-115.13288612,36.1409367200001,152208,LLV220600094678,2022/06/24 20:21:38+00,1500 Karen Ave,"LAS VEGAS, NV  89169",SCAC,L1,A,09A,0,-115.13288612,36.1409367200001,469
-115.28773013,36.0240951800001,153396,LLV220100065725,2022/01/17 10:14:41+00,9000 Block Castledowns St,"LAS VEGAS, NV  89148",EAC,O3,A,09C,1,-115.28773013,36.0240951800001,627
-115.0573005,36.2418030000001,153888,LLV221200033377,2022/12/09 05:19:00+00,5300 Block E CRAIG RD,"Las Vegas, NV  89115",NEAC,F4,A,09C,2,-115.0573005,36.2418030000001,302
-115.0573005,36.2418030000001,153891,LLV221200033377,2022/12/09 05:19:00+00,5300 Block E CRAIG RD,"Las Vegas, NV  89115",NEAC,F4,A,09C,2,-115.0573005,36.2418030000001,302
-115.29018067,36.1147910400001,154854,LLV230600123727,2023/06/27 09:03:20+00,9105 W Flamingo Rd,"LAS VEGAS, NV  89147",SAC,R3,A,09A,0,-115.29018067,36.1147910400001,101
-115.29018067,36.1147910400001,154855,LLV230600123727,2023/06/27 09:03:20+00,9105 W Flamingo Rd,"LAS VEGAS, NV  89147",SAC,R3,A,09A,0,-115.29018067,36.1147910400001,101
-115.29018067,36.1147910400001,154857,LLV230600123727,2023/06/27 09:03:20+00,9105 W Flamingo Rd,"LAS VEGAS, NV  89147",SAC,R3,A,09A,0,-115.29018067,36.1147910400001,101
-115.156782,36.200745,156329,LLV221000108300,2022/10/28 12:20:59+00,1100 Block BLANKENSHIP AVE,"LV, NV  89106",BAC,W3,A,09A,0,-115.156782,36.200745,343
-115.069833,36.1117800000001,157165,LLV220600051639,2022/06/14 08:42:59+00,4700 Block EL ESCORIAL DR,"Las Vegas, NV  89121",SEAC,H3,A,09A,1,-115.069833,36.1117800000001,479
-115.1586495,36.1467000000001,159105,LLV230100011684,2023/01/03 19:37:00+00,200 Block W BALTIMORE AVE,"Las Vegas, NV  89101",DTAC,C2,A,09A,1,-115.1586495,36.1467000000001,276
-115.258869,36.1641690000001,159294,LLV230400054788,2023/04/12 18:42:00+00,700 Block BLOOMINGFIELD LN,"Las Vegas, NV  89145",SAC,V4,A,09C,1,-115.258869,36.1641690000001,177
-115.06454155,36.20732316,159856,LLV220700122674,2022/07/31 11:58:39+00,4900 Block E Cartier Ave,"LAS VEGAS, NV  89115",NEAC,F3,A,09A,1,-115.06454155,36.20732316,432
-115.20695031,36.17922121,160472,LLV220800013709,2022/08/04 05:36:21+00,600 Block N Yale St,"LAS VEGAS, NV  89107",BAC,U1,A,09A,1,-115.20695031,36.17922121,429
-115.243621222,36.208886374,160473,LLV230800054931,2023/08/15 22:37:37+00,13815701003,"LAS VEGAS, NV  89108 2064",NWAC,X2,A,09C,1,-115.243621222,36.208886374,52
-115.3080855,36.0912420000001,160489,LLV230700101356,2023/07/24 00:24:00+00,9800 Block SHADOW GROVE AVE,"Las Vegas, NV  89148",SAC,R4,A,09A,0,-115.3080855,36.0912420000001,75
-115.2726544,36.1613977000001,160869,LLV220600043592,2022/06/12 03:59:45+00,8200 Block Ogee Dr,"LAS VEGAS, NV  89145",SAC,V4,A,09A,1,-115.2726544,36.1613977000001,482
-115.198074,36.1208520000001,163244,LLV230700045365,2023/07/10 22:34:59+00,3700 Block ARVILLE ST,"Las Vegas, NV  89103",SVAC,P2,A,09C,1,-115.198074,36.1208520000001,88
-115.299261,36.3016260000001,163419,LLV220300041775,2022/03/10 18:56:00+00,9300 Block GILCREASE AVE,"Las Vegas, NV  89149",NWAC,X5,A,09B,1,-115.299261,36.3016260000001,575
-115.228386,36.1894770000001,163933,LLV220200050185,2022/02/12 19:26:00+00,6200 Block LONG VALLEY DR,"Las Vegas, NV  89108",BAC,U1,A,09C,1,-115.228386,36.1894770000001,601
-115.2699615,36.169614,164608,LLV230400098621,2023/04/22 10:54:36+00,8100 Block LEGER DR,"LAS VEGAS,  89145",SAC,V4,A,09A,1,-115.2699615,36.169614,167
-115.0787205,36.19449,165033,LLV230700072286,2023/07/16 23:47:00+00,4300 Block HOLDEN ST,"Las Vegas, NV  89115",NEAC,F1,A,09A,2,-115.0787205,36.19449,82
-115.07126071,36.1893955,165833,LLV230500123960,2023/05/25 07:58:41+00,1600 Block Nesting Way,"LAS VEGAS, NV  89156",NEAC,F1,A,09A,0,-115.07126071,36.1893955,134
-115.130162827,36.1328273660001,166504,LLV230800049951,2023/08/14 14:29:59+00,16211411021,"Las Vetgas, NV  89169",SCAC,L1,A,09A,1,-115.130162827,36.1328273660001,53
-115.23207335,36.12118157,166969,LLV230900055890,2023/09/16 15:43:40+00,6400 Block Tanager Way,"LAS VEGAS, NV  89103",SVAC,P1,A,09A,1,-115.23207335,36.12118157,20
-115.2301995,36.004419,167102,LLV221000098759,2022/10/26 02:34:58+00,10100 Block JUNE FLOWER DR,"Las Vegas, NV  89141",EAC,O4,A,09A,0,-115.2301995,36.004419,346
-115.0568595,36.099702,169728,LLV220600087625,2022/06/23 03:12:00+00,5300 Block E TROPICANA AVE,"Las Vegas, NV  89122",SEAC,J4,A,09A,1,-115.0568595,36.099702,471
-115.149112328,36.126745709,172640,LLV220800116274,2022/08/28 22:59:00+00,Willson Sq & Sierra Vista Dr,"Las Vegas, NV  89169",SCAC,N2,A,09A,1,-115.149112328,36.126745709,404
-115.232328,36.2012580000001,174921,LLV220300042495,2022/03/10 22:49:00+00,2200 Block N TORREY PINES DR,"Las Vegas, NV  89108",NWAC,X2,A,09A,1,-115.232328,36.2012580000001,575
-115.1527995,36.149436,177565,LLV220800051023,2022/08/13 03:36:59+00,1800 Block S LAS VEGAS BLVD,"LV, NV  89102",DTAC,C3,A,09A,0,-115.1527995,36.149436,420
-115.0473215,36.14060184,178285,LLV230800069169,2023/08/19 21:43:17+00,S Sloan Ln / Ruby Creek Dr,"LAS VEGAS, NV  89142",SEAC,J2,A,09A,1,-115.0473215,36.14060184,48
-115.13362525,36.1369413,179998,LLV220100119336,2022/01/30 13:29:32+00,1405 Vegas Valley Dr,"LAS VEGAS, NV  89169",SCAC,L1,A,09C,1,-115.13362525,36.1369413,614
-115.0559055,36.104292,180253,LLV230300029159,2023/03/07 18:01:59+00,5300 Block BOULDER HWY,"Las Vegas, NV  89122",SEAC,J4,A,09A,2,-115.0559055,36.104292,213
-115.30417815,36.0233135300001,181217,LLV230800046402,2023/08/13 12:24:50+00,9000 Block Palmas Altas St,"LAS VEGAS, NV  89178",EAC,O3,A,09A,1,-115.30417815,36.0233135300001,54
-115.15822943,36.1498951,181811,LLV220100007062,2022/01/02 12:41:02+00,200 Block W Chicago Ave,"LAS VEGAS, NV  89102",DTAC,C2,A,09A,2,-115.15822943,36.1498951,642
-115.2684045,36.286164,182261,LLV230600056409,2023/06/12 22:12:59+00,7900 Block PINNOCHIO AVE,"Las Vegas, NV  89131",NWAC,X4,A,09A,1,-115.2684045,36.286164,116
-115.1256434,36.1008714600001,182264,LLV220100068331,2022/01/18 03:45:03+00,1900 Block E Tropicana Ave,"LAS VEGAS, NV  89119",SCAC,N3,A,09A,1,-115.1256434,36.1008714600001,627
-115.2601785,36.2732130000001,183103,LLV220600077352,2022/06/20 16:23:06+00,7500 Block GLOWING EMBER CT,"Las Vegas, NV  89130",NWAC,X4,A,09A,2,-115.2601785,36.2732130000001,473
-115.2601785,36.2732130000001,183104,LLV220600077352,2022/06/20 16:23:06+00,7500 Block GLOWING EMBER CT,"Las Vegas, NV  89130",NWAC,X4,A,09A,2,-115.2601785,36.2732130000001,473
-115.044110579,36.159285894,183336,LLV220700009375,2022/07/03 08:14:29+00,E Charleston Blvd & Sweet Orange St,"Las Vegas, NV  89142",SEAC,J1,A,09A,0,-115.044110579,36.159285894,460
-115.06521906,36.12986225,183858,LLV230200082026,2023/02/20 16:49:19+00,3200 Block S Nellis Blvd,"LAS VEGAS, NV  89122",SEAC,J3,A,09A,2,-115.06521906,36.12986225,228
-115.06521906,36.12986225,183860,LLV230200082026,2023/02/20 16:49:19+00,3200 Block S Nellis Blvd,"LAS VEGAS, NV  89122",SEAC,J3,A,09A,2,-115.06521906,36.12986225,228
-115.06115909,36.2004563200001,184822,LLV220900082461,2022/09/21 01:58:53+00,2200 Block Steele St,"LAS VEGAS, NV  89156",NEAC,F2,A,09A,0,-115.06115909,36.2004563200001,381
-115.1798805,36.1460700000001,185592,LLV220700029149,2022/07/07 23:13:59+00,2300 Block PASEO DEL PRADO,"Las Vegas, NV  89102",BAC,U3,A,09A,2,-115.1798805,36.1460700000001,456
-115.254378,36.083061,186229,LLV221000102810,2022/10/27 01:21:00+00,5800 Block SPECTACULAR BID ST,"Las Vegas, NV  89113",SVAC,P3,A,09A,1,-115.254378,36.083061,345
-115.14727647,36.1418334700001,186718,LLV230900011169,2023/09/03 23:01:04+00,2600 Block Sherwood St,"LAS VEGAS, NV  89109",SCAC,N1,A,09A,1,-115.14727647,36.1418334700001,33
-115.297672524,36.0792513800001,188723,LLV230200060352,2023/02/15 12:33:00+00,6000 Block S FT APACHE,"LV, NV  89148",SAC,R4,A,09A,0,-115.297672524,36.0792513800001,233
-115.05735186,36.0908283300001,188782,LLV221000068493,2022/10/18 12:38:50+00,5200 Block Tipper Ave,"LAS VEGAS, NV  89122",SEAC,J4,A,09A,1,-115.05735186,36.0908283300001,353
-115.16985594,36.1801307600001,189232,LLV230700005301,2023/07/02 02:20:39+00,814 N Tonopah Dr,"LAS VEGAS, NV  89106",BAC,W2,A,09A,1,-115.16985594,36.1801307600001,97
-115.208343,36.207387,189876,LLV220200107574,2022/02/26 09:37:41+00,5000 Block MADRE MESA DR,"Las Vegas, NV  89108",NWAC,X2,A,09A,1,-115.208343,36.207387,587
-115.19188817,36.1829431200001,192142,LLV230600038782,2023/06/09 03:33:53+00,1000 Block Oak Tree Ln,"LAS VEGAS, NV  89108",BAC,W1,A,09C,1,-115.19188817,36.1829431200001,120
-115.6522095,35.830854,194248,LLV230200008086,2023/02/02 21:06:58+00,800 Block MARBLE AVE,"SANDY VALLEY,  89019",RO,83,A,09A,1,-115.6522095,35.830854,246
-115.1487675,36.1428480000001,194377,LLV230600117976,2023/06/25 23:39:26+00,2500 Block VAN PATTEN ST,"LAS VEGAS, NV  89109",SCAC,N1,A,09C,1,-115.1487675,36.1428480000001,103
-115.1256555,36.1752480000001,196925,LLV220700012230,2022/07/03 23:29:59+00,600 Block N BRUCE ST,"Las Vegas, NV  89101",DTAC,B1,A,09A,0,-115.1256555,36.1752480000001,460
-115.207191,36.2870280000001,197734,LLV221200060341,2022/12/15 20:43:38+00,4800 Block FUCHSIA VINE CT,"LAS VEGAS, NV  89131",NWAC,X4,A,09C,1,-115.207191,36.2870280000001,295
-115.07683316,36.1370811,198148,LLV230600124619,2023/06/27 12:52:00+00,4470 Vegas Valley Dr,"LAS VEGAS, NV  89121",SEAC,H1,A,09A,0,-115.07683316,36.1370811,101
-115.13404914,36.1811018000001,198503,LLV230700067103,2023/07/15 18:05:24+00,900 Block N Las Vegas Blvd,"LAS VEGAS, NV  89101",DTAC,B1,A,09A,0,-115.13404914,36.1811018000001,83
-115.1267805,36.173322,199013,LLV220400001935,2022/04/01 12:45:01+00,500 Block N 15TH ST,"LAS VEGAS, NV  89101",DTAC,A5,A,09A,0,-115.1267805,36.173322,553
-115.14972639,36.1595830300001,199505,LLV230100123573,2023/01/31 17:38:18+00,1005 S 3rd St,"LAS VEGAS, NV  89101",DTAC,C1,A,09A,1,-115.14972639,36.1595830300001,248
-115.21936837,36.1631296800001,199933,LLV230400135042,2023/04/30 00:33:35+00,Upland Blvd / Evergreen Ave,"LAS VEGAS, NV  89107",BAC,U2,A,09A,1,-115.21936837,36.1631296800001,160
-115.13482093,36.11467514,202094,LLV220900078810,2022/09/20 06:54:42+00,1300 Block E Flamingo Rd,"LAS VEGAS, NV  89119",SCAC,L2,A,09A,0,-115.13482093,36.11467514,381
-115.09516705,36.1589008300001,204622,LLV230100034888,2023/01/09 14:04:57+00,3801 E Charleston Blvd,"LAS VEGAS, NV  89101",DTAC,B4,A,09A,0,-115.09516705,36.1589008300001,270
-115.262244,36.0594990000001,204694,LLV230800022432,2023/08/06 23:06:59+00,7000 Block S BUFFALO DR,"Las Vegas, NV  89113",SVAC,P3,A,09A,3,-115.262244,36.0594990000001,61
-115.262244,36.0594990000001,204697,LLV230800022432,2023/08/06 23:06:59+00,7000 Block S BUFFALO DR,"Las Vegas, NV  89113",SVAC,P3,A,09A,3,-115.262244,36.0594990000001,61
-115.09327319,36.2287199,205112,LLV220800109529,2022/08/27 04:59:00+00,3700 Block Melbourne Way,"LAS VEGAS, NV  89115",NEAC,F4,A,09A,1,-115.09327319,36.2287199,406
-115.164477,36.099639,205210,LLV220300015481,2022/03/04 14:22:21+00,100 Block E TROPICANA AVE,"LAS VEGAS, NV  89119",CCAC,M4,A,09A,0,-115.164477,36.099639,581
-115.21833946,36.1764927300001,207170,LLV221100013788,2022/11/04 12:21:41+00,200 Block Kipling St,"LAS VEGAS, NV  89107",BAC,U1,A,09A,1,-115.21833946,36.1764927300001,336
-115.147863,36.115803,207561,LLV220300013257,2022/03/03 23:25:03+00,4000 Block UNIVERSITY CENTER DR,"Las Vegas, NV  89119",SCAC,N2,A,09A,7,-115.147863,36.115803,582
-115.25412209,36.11930798,208336,LLV230100111026,2023/01/28 09:09:11+00,3800 Block Mapleview Ct,"LAS VEGAS, NV  89147",SVAC,P1,A,09A,0,-115.25412209,36.11930798,251
-115.079913,36.2046060000001,208441,LLV220200089732,2022/02/22 08:39:00+00,4300 Block SADDLE BROOK PARK DR,"Las Vegas, NV  89115",NEAC,F3,A,09A,0,-115.079913,36.2046060000001,591
-115.302843,36.0734580000001,208715,LLV230600070560,2023/06/16 03:26:00+00,9600 Block SCRUB JAY CT,"Las Vegas, NV  89148",SAC,R4,A,09A,0,-115.302843,36.0734580000001,113
-115.29043384,36.2128580400001,208926,LLV230700131836,2023/07/31 12:55:40+00,2800 Block Crown Ridge Dr,"LAS VEGAS, NV  89134",SAC,V2,A,09A,1,-115.29043384,36.2128580400001,67
-115.21273261,36.1008433000001,209639,LLV220300084728,2022/03/21 01:26:15+00,5200 Block W Tropicana Ave,"LAS VEGAS, NV  89103",SVAC,P4,A,09A,1,-115.21273261,36.1008433000001,565
-115.2624015,36.1238940000001,209923,LLV230900032255,2023/09/09 21:46:00+00,7800 Block RAINSHOWER DR,"LAS VEGAS, NV  89147",SVAC,P1,A,09A,1,-115.2624015,36.1238940000001,27
-115.17608359,36.1935464100001,210505,LLV230700030817,2023/07/07 15:18:17+00,2528 Sierra Bello Ave,"LAS VEGAS, NV  89106",BAC,W2,A,09A,1,-115.17608359,36.1935464100001,91
-115.17354,36.1946790000001,212094,LLV221000019866,2022/10/05 22:18:59+00,2100 Block CITRUS HILLS AVE,"Las Vegas, NV  89106",BAC,W2,A,09A,1,-115.17354,36.1946790000001,366
-115.1511885,36.1935270000001,212331,LLV230700019248,2023/07/05 00:36:25+00,1900 Block WALKER ST,"Las Vegas, NV  89106",BAC,W3,A,09A,4,-115.1511885,36.1935270000001,94
-115.07588921,36.1590844500001,213437,LLV220400039195,2022/04/09 22:23:02+00,4500 Block E Charleston Blvd,"LAS VEGAS, NV  89110",NEAC,G2,A,09A,1,-115.07588921,36.1590844500001,545
-115.15872817,36.01590093,213635,LLV220900073002,2022/09/18 17:31:19+00,9500 Block Colorado Blue St,"LAS VEGAS, NV  89123",EAC,S3,A,09A,1,-115.15872817,36.01590093,383
-115.15487061,36.12555365,213869,LLV221200104412,2022/12/27 09:55:18+00,3550 Paradise Rd,"LAS VEGAS, NV  89169",SCAC,N2,A,09A,1,-115.15487061,36.12555365,283
-115.15566829,36.152366,214041,LLV230100038285,2023/01/10 10:58:44+00,100 Block W Wyoming Ave,"LAS VEGAS, NV  89102",DTAC,C1,A,09A,1,-115.15566829,36.152366,269
-115.1155395,36.149958,214221,LLV221000007631,2022/10/02 22:15:59+00,1800 Block PACIFIC ST,"Las Vegas, NV  89104",DTAC,C5,A,09A,0,-115.1155395,36.149958,369
-115.1053264,36.1569773000001,216006,LLV220100103859,2022/01/26 16:12:10+00,1322 S Mojave Rd,"LAS VEGAS, NV  89101",DTAC,B5,A,09A,0,-115.1053264,36.1569773000001,618
-115.2962198,36.0101018,216284,LLV230200109415,2023/02/27 09:07:25+00,9800 Block Venus Lake Ct,"LAS VEGAS, NV  89178",EAC,O4,A,09A,1,-115.2962198,36.0101018,221
-115.208874,36.2085930000001,217384,LLV220100075184,2022/01/19 17:45:00+00,5000 Block STARFINDER AVE,"Las Vegas, NV  89108",NWAC,X2,A,09A,1,-115.208874,36.2085930000001,625
-115.12618616,36.18470031,218321,LLV230900050602,2023/09/15 00:16:33+00,1602 Searles Ave,"LAS VEGAS, NV  89101",DTAC,B1,A,09A,0,-115.12618616,36.18470031,22
-115.136822233,36.140819192,218788,LLV230400018829,2023/04/05 08:58:37+00,1100 Block Karen Ave,"LAS VEGAS, NV  89169",SCAC,L1,A,09A,0,-115.136822233,36.140819192,184
-115.17295079,36.10220983,223211,LLV220300109571,2022/03/26 21:39:03+00,3700 Block S Las Vegas Blvd,"LAS VEGAS, NV  89109",CCAC,M3,A,09A,0,-115.17295079,36.10220983,559
-115.11576677,36.1665649500001,223581,LLV220500029640,2022/05/08 02:06:25+00,2400 Block Stewart Ave,"LAS VEGAS, NV  89101",DTAC,B4,A,09A,0,-115.11576677,36.1665649500001,517
-115.0699095,36.1132020000001,226028,LLV220700048008,2022/07/12 21:07:00+00,4700 Block MONTERREY AVE,"Las Vegas, NV  89121",SEAC,H3,A,09A,2,-115.0699095,36.1132020000001,451
-115.23481748,36.1859842200001,228909,LLV230400066073,2023/04/15 08:17:48+00,1300 Block Torington Dr,"LAS VEGAS, NV  89108",BAC,U1,A,09A,0,-115.23481748,36.1859842200001,174
-115.1147385,36.1195920000001,229292,LLV220100013417,2022/01/03 22:47:59+00,3800 Block TOPAZ ST,"LAS VEGAS, NV  89119",SCAC,L2,A,09A,1,-115.1147385,36.1195920000001,641
-115.0807635,36.162648,229640,LLV230200108485,2023/02/27 02:00:00+00,4300 Block SUNRISE AVE,"Las Vegas, NV  89110",NEAC,G1,A,09A,1,-115.0807635,36.162648,222
-115.172073,36.1230120000001,231183,LLV220800016533,2022/08/04 20:29:59+00,3400 Block S LAS VEGAS BLVD,"Las Vegas, NV  89109",CCAC,M2,A,09A,3,-115.172073,36.1230120000001,428
-115.1525926,36.06607317,231825,LLV230100013277,2023/01/04 07:52:57+00,530 E Pamalyn Ave,"LAS VEGAS, NV  89119",SCAC,L5,A,09A,1,-115.1525926,36.06607317,275
-115.06034452,36.13729563,233042,LLV220900055798,2022/09/14 11:09:03+00,2970 Juniper Hills Blvd,"LAS VEGAS, NV  89142",SEAC,J2,A,09A,0,-115.06034452,36.13729563,387